epoch,train_loss,train_va,train_expr,ccc_v,ccc_a,ccc_mean,rmse_v,rmse_a,mae_v,mae_a,expr_acc
1,3.247895823242897,1.0984714021762365,2.149424425361122,0.7086617350578308,0.28873172402381897,0.4986967295408249,0.49719542264938354,0.340435266494751,0.3803735077381134,0.2805884778499603,0.6756907101798628
2,2.1309522336165467,1.015600865625699,1.11535136853657,0.719970703125,0.29790154099464417,0.5089361220598221,0.48500409722328186,0.332658052444458,0.36343902349472046,0.27606382966041565,0.6944186908956054
3,1.9015904898971672,0.9817352720585176,0.9198552202695938,0.7337350845336914,0.30341637134552,0.5185757279396057,0.48757702112197876,0.3440294861793518,0.35775917768478394,0.28424689173698425,0.7099944372334508
4,1.7953317954687473,0.9507867539362462,0.8445450415604073,0.7447760701179504,0.30930688977241516,0.5270414799451828,0.46879956126213074,0.34316739439964294,0.3449091911315918,0.28378698229789734,0.7151863526793992
5,1.7240412211074594,0.9293700691527856,0.7946711521593197,0.7504495978355408,0.31447815895080566,0.5324638783931732,0.4684402048587799,0.340755432844162,0.34279197454452515,0.2819375693798065,0.7201928425737066
