epoch,train_loss,train_va,train_expr,ccc_v,ccc_a,ccc_mean,rmse_v,rmse_a,mae_v,mae_a,expr_acc
1,3.68785514438623,1.717429076081749,1.9704260657805157,0.47533851861953735,0.03517113998532295,0.25525482930243015,0.8231885433197021,0.645988404750824,0.6274158954620361,0.5245063900947571,0.35564620804746894
2,3.1393352340710545,1.4123174455779428,1.7270177889334104,0.5688058137893677,0.05431896075606346,0.31156238727271557,0.6206057071685791,0.618422269821167,0.45947355031967163,0.47909462451934814,0.4355646208047469
3,2.9159671579496003,1.3310392224031475,1.5849279389634177,0.5790694952011108,0.0761079266667366,0.3275887109339237,0.6702187657356262,0.5137773156166077,0.48816558718681335,0.41666972637176514,0.4618950491377712
4,2.7604030570459,1.2603898914362757,1.5000131636251801,0.47503238916397095,0.10231935977935791,0.28867587447166443,0.7711448669433594,0.4449079632759094,0.6235993504524231,0.3564656972885132,0.4930465418134619
5,2.6360026861473678,1.2114844394202708,1.4245182516882076,0.6100220680236816,0.12869901955127716,0.3693605437874794,0.563286542892456,0.4188566207885742,0.40322235226631165,0.33492740988731384,0.48766920081587245
